DE4024P1,https://www.fisherpaykel.com/on/demandware.static/-/Sites-fpa-master-catalog/default/dwb1d85a49/product-mugs/dryers/mug/retail/DE4024P1-condensing-dryer-mug-rs-84.png
DE4024P1,https://www.fisherpaykel.com/on/demandware.static/-/Sites-fpa-master-catalog/default/dwb1d85a49/product-mugs/dryers/mug/retail/DE4024P1-condensing-dryer-mug-rs-84.png
DE4024P1,https://www.fisherpaykel.com/on/demandware.static/-/Sites-fpa-master-catalog/default/dwb1d85a49/product-mugs/dryers/mug/retail/DE4024P1-condensing-dryer-mug-rs-84.png
DE4024P1,https://www.fisherpaykel.com/on/demandware.static/-/Sites-fpa-master-catalog/default/dwb1d85a49/product-mugs/dryers/mug/retail/DE4024P1-condensing-dryer-mug-rs-84.png
DE4024P1,https://www.fisherpaykel.com/on/demandware.static/-/Sites-fpa-master-catalog/default/dwb1d85a49/product-mugs/dryers/mug/retail/DE4024P1-condensing-dryer-mug-rs-84.png
DE4024P1,https://www.fisherpaykel.com/on/demandware.static/-/Sites-fpa-master-catalog/default/dwb1d85a49/product-mugs/dryers/mug/retail/DE4024P1-condensing-dryer-mug-rs-84.png
DE4024P1,https://www.fisherpaykel.com/on/demandware.static/-/Sites-fpa-master-catalog/default/dwb1d85a49/product-mugs/dryers/mug/retail/DE4024P1-condensing-dryer-mug-rs-84.png
DE4024P1,https://www.fisherpaykel.com/on/demandware.static/-/Sites-fpa-master-catalog/default/dwb1d85a49/product-mugs/dryers/mug/retail/DE4024P1-condensing-dryer-mug-rs-84.png
DE4024P1,https://www.fisherpaykel.com/on/demandware.static/-/Sites-fpa-master-catalog/en_CA/v1599705094608/de4024p1-condensing-dryer-insitu-34-1600-gal.jpg
DE4024P1,https://www.fisherpaykel.com/on/demandware.static/-/Sites-fpa-master-catalog/en_CA/v1599705094608/de4024p1-condensing-dryer-insitu-34-1600-gal.jpg
DE4024P1,https://www.fisherpaykel.com/on/demandware.static/-/Sites-fpa-master-catalog/en_CA/v1599705094608/de4024p1-condensing-dryer-insitu-34-1600-gal.jpg
DE4024P1,https://www.fisherpaykel.com/on/demandware.static/-/Sites-fpa-master-catalog/en_CA/v1599705094608/de4024p1-condensing-dryer-insitu-34-1600-gal.jpg
DE4024P1,https://www.fisherpaykel.com/on/demandware.static/-/Sites-fpa-master-catalog/en_CA/v1599705094608/de4024p1-condensing-dryer-insitu-34-1600-gal.jpg
DE4024P1,https://www.fisherpaykel.com/on/demandware.static/-/Sites-fpa-master-catalog/en_CA/v1599705094608/de4024p1-condensing-dryer-insitu-34-1600-gal.jpg
DE4024P1,https://www.fisherpaykel.com/on/demandware.static/-/Sites-fpa-master-catalog/en_CA/v1599705094608/de4024p1-condensing-dryer-insitu-34-1600-gal.jpg
DE4024P1,https://www.fisherpaykel.com/on/demandware.static/-/Sites-fpa-master-catalog/en_CA/v1599705094608/de4024p1-condensing-dryer-insitu-34-1600-gal.jpg
DE4024P1,https://www.fisherpaykel.com/on/demandware.static/-/Sites-fpa-master-catalog/default/dw510f5a10/technical-content/product/dryers/de4024p1-mug-id.svg
DE4024P1,https://www.fisherpaykel.com/on/demandware.static/-/Sites-fpa-master-catalog/default/dw510f5a10/technical-content/product/dryers/de4024p1-mug-id.svg
DE4024P1,https://www.fisherpaykel.com/on/demandware.static/-/Sites-fpa-master-catalog/default/dw510f5a10/technical-content/product/dryers/de4024p1-mug-id.svg
DE4024P1,https://www.fisherpaykel.com/on/demandware.static/-/Sites-fpa-master-catalog/default/dw510f5a10/technical-content/product/dryers/de4024p1-mug-id.svg
DE4024P1,https://www.fisherpaykel.com/on/demandware.static/-/Sites-fpa-master-catalog/default/dw510f5a10/technical-content/product/dryers/de4024p1-mug-id.svg
DE4024P1,https://www.fisherpaykel.com/on/demandware.static/-/Sites-fpa-master-catalog/default/dw510f5a10/technical-content/product/dryers/de4024p1-mug-id.svg
DE4024P1,https://www.fisherpaykel.com/on/demandware.static/-/Sites-fpa-master-catalog/default/dw510f5a10/technical-content/product/dryers/de4024p1-mug-id.svg
DE4024P1,https://www.fisherpaykel.com/on/demandware.static/-/Sites-fpa-master-catalog/default/dw510f5a10/technical-content/product/dryers/de4024p1-mug-id.svg
DE4024P1,https://www.fisherpaykel.com/on/demandware.static/-/Sites-fpa-master-catalog/default/dw80f70960/product-mugs/dryers/mug/listing/DE4024P1-condensing-dryer-mug-1600-lp.jpg
DE4024P1,https://www.fisherpaykel.com/on/demandware.static/-/Sites-fpa-master-catalog/default/dw80f70960/product-mugs/dryers/mug/listing/DE4024P1-condensing-dryer-mug-1600-lp.jpg
DE4024P1,https://www.fisherpaykel.com/on/demandware.static/-/Sites-fpa-master-catalog/default/dw80f70960/product-mugs/dryers/mug/listing/DE4024P1-condensing-dryer-mug-1600-lp.jpg
DE4024P1,https://www.fisherpaykel.com/on/demandware.static/-/Sites-fpa-master-catalog/default/dw80f70960/product-mugs/dryers/mug/listing/DE4024P1-condensing-dryer-mug-1600-lp.jpg
DE4024P1,https://www.fisherpaykel.com/on/demandware.static/-/Sites-fpa-master-catalog/default/dw80f70960/product-mugs/dryers/mug/listing/DE4024P1-condensing-dryer-mug-1600-lp.jpg
DE4024P1,https://www.fisherpaykel.com/on/demandware.static/-/Sites-fpa-master-catalog/default/dw80f70960/product-mugs/dryers/mug/listing/DE4024P1-condensing-dryer-mug-1600-lp.jpg
DE4024P1,https://www.fisherpaykel.com/on/demandware.static/-/Sites-fpa-master-catalog/default/dw80f70960/product-mugs/dryers/mug/listing/DE4024P1-condensing-dryer-mug-1600-lp.jpg
DE4024P1,https://www.fisherpaykel.com/on/demandware.static/-/Sites-fpa-master-catalog/default/dw80f70960/product-mugs/dryers/mug/listing/DE4024P1-condensing-dryer-mug-1600-lp.jpg
WH2424F1,https://www.fisherpaykel.com/on/demandware.static/-/Sites-fpa-master-catalog/default/dw6b245e2d/product-mugs/washing-machines/front-loaders/mug/retail/WH2424F1-fabricsmart-mug-rs-84.png
WH2424F1,https://www.fisherpaykel.com/on/demandware.static/-/Sites-fpa-master-catalog/default/dw6b245e2d/product-mugs/washing-machines/front-loaders/mug/retail/WH2424F1-fabricsmart-mug-rs-84.png
WH2424F1,https://www.fisherpaykel.com/on/demandware.static/-/Sites-fpa-master-catalog/default/dw6b245e2d/product-mugs/washing-machines/front-loaders/mug/retail/WH2424F1-fabricsmart-mug-rs-84.png
WH2424F1,https://www.fisherpaykel.com/on/demandware.static/-/Sites-fpa-master-catalog/default/dw6b245e2d/product-mugs/washing-machines/front-loaders/mug/retail/WH2424F1-fabricsmart-mug-rs-84.png
WH2424F1,https://www.fisherpaykel.com/on/demandware.static/-/Sites-fpa-master-catalog/default/dw6b245e2d/product-mugs/washing-machines/front-loaders/mug/retail/WH2424F1-fabricsmart-mug-rs-84.png
WH2424F1,https://www.fisherpaykel.com/on/demandware.static/-/Sites-fpa-master-catalog/default/dw6b245e2d/product-mugs/washing-machines/front-loaders/mug/retail/WH2424F1-fabricsmart-mug-rs-84.png
WH2424F1,https://www.fisherpaykel.com/on/demandware.static/-/Sites-fpa-master-catalog/default/dw6b245e2d/product-mugs/washing-machines/front-loaders/mug/retail/WH2424F1-fabricsmart-mug-rs-84.png
WH2424F1,https://www.fisherpaykel.com/on/demandware.static/-/Sites-fpa-master-catalog/default/dw6b245e2d/product-mugs/washing-machines/front-loaders/mug/retail/WH2424F1-fabricsmart-mug-rs-84.png
WH2424F1,https://www.fisherpaykel.com/on/demandware.static/-/Sites-fpa-master-catalog/en_CA/v1599705094608/wh2424f1-fabricsmart-insitu-34-1600-gal.jpg
WH2424F1,https://www.fisherpaykel.com/on/demandware.static/-/Sites-fpa-master-catalog/en_CA/v1599705094608/wh2424f1-fabricsmart-insitu-34-1600-gal.jpg
WH2424F1,https://www.fisherpaykel.com/on/demandware.static/-/Sites-fpa-master-catalog/en_CA/v1599705094608/wh2424f1-fabricsmart-insitu-34-1600-gal.jpg
WH2424F1,https://www.fisherpaykel.com/on/demandware.static/-/Sites-fpa-master-catalog/en_CA/v1599705094608/wh2424f1-fabricsmart-insitu-34-1600-gal.jpg
WH2424F1,https://www.fisherpaykel.com/on/demandware.static/-/Sites-fpa-master-catalog/en_CA/v1599705094608/wh2424f1-fabricsmart-insitu-34-1600-gal.jpg
WH2424F1,https://www.fisherpaykel.com/on/demandware.static/-/Sites-fpa-master-catalog/en_CA/v1599705094608/wh2424f1-fabricsmart-insitu-34-1600-gal.jpg
WH2424F1,https://www.fisherpaykel.com/on/demandware.static/-/Sites-fpa-master-catalog/en_CA/v1599705094608/wh2424f1-fabricsmart-insitu-34-1600-gal.jpg
WH2424F1,https://www.fisherpaykel.com/on/demandware.static/-/Sites-fpa-master-catalog/en_CA/v1599705094608/wh2424f1-fabricsmart-insitu-34-1600-gal.jpg
WH2424F1,https://www.fisherpaykel.com/on/demandware.static/-/Sites-fpa-master-catalog/default/dw469bbfd6/technical-content/product/washing-machines/front-loaders/wh2424f1-mug-id.svg
WH2424F1,https://www.fisherpaykel.com/on/demandware.static/-/Sites-fpa-master-catalog/default/dw469bbfd6/technical-content/product/washing-machines/front-loaders/wh2424f1-mug-id.svg
WH2424F1,https://www.fisherpaykel.com/on/demandware.static/-/Sites-fpa-master-catalog/default/dw469bbfd6/technical-content/product/washing-machines/front-loaders/wh2424f1-mug-id.svg
WH2424F1,https://www.fisherpaykel.com/on/demandware.static/-/Sites-fpa-master-catalog/default/dw469bbfd6/technical-content/product/washing-machines/front-loaders/wh2424f1-mug-id.svg
WH2424F1,https://www.fisherpaykel.com/on/demandware.static/-/Sites-fpa-master-catalog/default/dw469bbfd6/technical-content/product/washing-machines/front-loaders/wh2424f1-mug-id.svg
WH2424F1,https://www.fisherpaykel.com/on/demandware.static/-/Sites-fpa-master-catalog/default/dw469bbfd6/technical-content/product/washing-machines/front-loaders/wh2424f1-mug-id.svg
WH2424F1,https://www.fisherpaykel.com/on/demandware.static/-/Sites-fpa-master-catalog/default/dw469bbfd6/technical-content/product/washing-machines/front-loaders/wh2424f1-mug-id.svg
WH2424F1,https://www.fisherpaykel.com/on/demandware.static/-/Sites-fpa-master-catalog/default/dw469bbfd6/technical-content/product/washing-machines/front-loaders/wh2424f1-mug-id.svg
WH2424F1,https://www.fisherpaykel.com/on/demandware.static/-/Sites-fpa-master-catalog/default/dwcd64f750/product-mugs/washing-machines/front-loaders/mug/listing/WH2424F1-fabricsmart-mug-1600-lp.jpg
WH2424F1,https://www.fisherpaykel.com/on/demandware.static/-/Sites-fpa-master-catalog/default/dwcd64f750/product-mugs/washing-machines/front-loaders/mug/listing/WH2424F1-fabricsmart-mug-1600-lp.jpg
WH2424F1,https://www.fisherpaykel.com/on/demandware.static/-/Sites-fpa-master-catalog/default/dwcd64f750/product-mugs/washing-machines/front-loaders/mug/listing/WH2424F1-fabricsmart-mug-1600-lp.jpg
WH2424F1,https://www.fisherpaykel.com/on/demandware.static/-/Sites-fpa-master-catalog/default/dwcd64f750/product-mugs/washing-machines/front-loaders/mug/listing/WH2424F1-fabricsmart-mug-1600-lp.jpg
WH2424F1,https://www.fisherpaykel.com/on/demandware.static/-/Sites-fpa-master-catalog/default/dwcd64f750/product-mugs/washing-machines/front-loaders/mug/listing/WH2424F1-fabricsmart-mug-1600-lp.jpg
WH2424F1,https://www.fisherpaykel.com/on/demandware.static/-/Sites-fpa-master-catalog/default/dwcd64f750/product-mugs/washing-machines/front-loaders/mug/listing/WH2424F1-fabricsmart-mug-1600-lp.jpg
WH2424F1,https://www.fisherpaykel.com/on/demandware.static/-/Sites-fpa-master-catalog/default/dwcd64f750/product-mugs/washing-machines/front-loaders/mug/listing/WH2424F1-fabricsmart-mug-1600-lp.jpg
WH2424F1,https://www.fisherpaykel.com/on/demandware.static/-/Sites-fpa-master-catalog/default/dwcd64f750/product-mugs/washing-machines/front-loaders/mug/listing/WH2424F1-fabricsmart-mug-1600-lp.jpg
WH2424P1,https://www.fisherpaykel.com/on/demandware.static/-/Sites-fpa-master-catalog/default/dwd5be5e87/product-mugs/washing-machines/front-loaders/mug/retail/WH2424P1-washsmart-mug-rs-84.png
WH2424P1,https://www.fisherpaykel.com/on/demandware.static/-/Sites-fpa-master-catalog/default/dwd5be5e87/product-mugs/washing-machines/front-loaders/mug/retail/WH2424P1-washsmart-mug-rs-84.png
WH2424P1,https://www.fisherpaykel.com/on/demandware.static/-/Sites-fpa-master-catalog/default/dwd5be5e87/product-mugs/washing-machines/front-loaders/mug/retail/WH2424P1-washsmart-mug-rs-84.png
WH2424P1,https://www.fisherpaykel.com/on/demandware.static/-/Sites-fpa-master-catalog/default/dwd5be5e87/product-mugs/washing-machines/front-loaders/mug/retail/WH2424P1-washsmart-mug-rs-84.png
WH2424P1,https://www.fisherpaykel.com/on/demandware.static/-/Sites-fpa-master-catalog/default/dwd5be5e87/product-mugs/washing-machines/front-loaders/mug/retail/WH2424P1-washsmart-mug-rs-84.png
WH2424P1,https://www.fisherpaykel.com/on/demandware.static/-/Sites-fpa-master-catalog/default/dwd5be5e87/product-mugs/washing-machines/front-loaders/mug/retail/WH2424P1-washsmart-mug-rs-84.png
WH2424P1,https://www.fisherpaykel.com/on/demandware.static/-/Sites-fpa-master-catalog/default/dwd5be5e87/product-mugs/washing-machines/front-loaders/mug/retail/WH2424P1-washsmart-mug-rs-84.png
WH2424P1,https://www.fisherpaykel.com/on/demandware.static/-/Sites-fpa-master-catalog/default/dwd5be5e87/product-mugs/washing-machines/front-loaders/mug/retail/WH2424P1-washsmart-mug-rs-84.png
WH2424P1,https://www.fisherpaykel.com/on/demandware.static/-/Sites-fpa-master-catalog/en_CA/v1599705094608/wh2424p1-washsmart-insitu-34-1600-gal.jpg
WH2424P1,https://www.fisherpaykel.com/on/demandware.static/-/Sites-fpa-master-catalog/en_CA/v1599705094608/wh2424p1-washsmart-insitu-34-1600-gal.jpg
WH2424P1,https://www.fisherpaykel.com/on/demandware.static/-/Sites-fpa-master-catalog/en_CA/v1599705094608/wh2424p1-washsmart-insitu-34-1600-gal.jpg
WH2424P1,https://www.fisherpaykel.com/on/demandware.static/-/Sites-fpa-master-catalog/en_CA/v1599705094608/wh2424p1-washsmart-insitu-34-1600-gal.jpg
WH2424P1,https://www.fisherpaykel.com/on/demandware.static/-/Sites-fpa-master-catalog/en_CA/v1599705094608/wh2424p1-washsmart-insitu-34-1600-gal.jpg
WH2424P1,https://www.fisherpaykel.com/on/demandware.static/-/Sites-fpa-master-catalog/en_CA/v1599705094608/wh2424p1-washsmart-insitu-34-1600-gal.jpg
WH2424P1,https://www.fisherpaykel.com/on/demandware.static/-/Sites-fpa-master-catalog/en_CA/v1599705094608/wh2424p1-washsmart-insitu-34-1600-gal.jpg
WH2424P1,https://www.fisherpaykel.com/on/demandware.static/-/Sites-fpa-master-catalog/en_CA/v1599705094608/wh2424p1-washsmart-insitu-34-1600-gal.jpg
WH2424P1,https://www.fisherpaykel.com/on/demandware.static/-/Sites-fpa-master-catalog/default/dw8d0cfbfa/technical-content/product/washing-machines/front-loaders/wh2424p1-mug-id.svg
WH2424P1,https://www.fisherpaykel.com/on/demandware.static/-/Sites-fpa-master-catalog/default/dw8d0cfbfa/technical-content/product/washing-machines/front-loaders/wh2424p1-mug-id.svg
WH2424P1,https://www.fisherpaykel.com/on/demandware.static/-/Sites-fpa-master-catalog/default/dw8d0cfbfa/technical-content/product/washing-machines/front-loaders/wh2424p1-mug-id.svg
WH2424P1,https://www.fisherpaykel.com/on/demandware.static/-/Sites-fpa-master-catalog/default/dw8d0cfbfa/technical-content/product/washing-machines/front-loaders/wh2424p1-mug-id.svg
WH2424P1,https://www.fisherpaykel.com/on/demandware.static/-/Sites-fpa-master-catalog/default/dw8d0cfbfa/technical-content/product/washing-machines/front-loaders/wh2424p1-mug-id.svg
WH2424P1,https://www.fisherpaykel.com/on/demandware.static/-/Sites-fpa-master-catalog/default/dw8d0cfbfa/technical-content/product/washing-machines/front-loaders/wh2424p1-mug-id.svg
WH2424P1,https://www.fisherpaykel.com/on/demandware.static/-/Sites-fpa-master-catalog/default/dw8d0cfbfa/technical-content/product/washing-machines/front-loaders/wh2424p1-mug-id.svg
WH2424P1,https://www.fisherpaykel.com/on/demandware.static/-/Sites-fpa-master-catalog/default/dw8d0cfbfa/technical-content/product/washing-machines/front-loaders/wh2424p1-mug-id.svg
WH2424P1,https://www.fisherpaykel.com/on/demandware.static/-/Sites-fpa-master-catalog/default/dwcc1e96e3/product-mugs/washing-machines/front-loaders/mug/listing/WH2424P1-washsmart-mug-1600-lp.jpg
WH2424P1,https://www.fisherpaykel.com/on/demandware.static/-/Sites-fpa-master-catalog/default/dwcc1e96e3/product-mugs/washing-machines/front-loaders/mug/listing/WH2424P1-washsmart-mug-1600-lp.jpg
WH2424P1,https://www.fisherpaykel.com/on/demandware.static/-/Sites-fpa-master-catalog/default/dwcc1e96e3/product-mugs/washing-machines/front-loaders/mug/listing/WH2424P1-washsmart-mug-1600-lp.jpg
WH2424P1,https://www.fisherpaykel.com/on/demandware.static/-/Sites-fpa-master-catalog/default/dwcc1e96e3/product-mugs/washing-machines/front-loaders/mug/listing/WH2424P1-washsmart-mug-1600-lp.jpg
WH2424P1,https://www.fisherpaykel.com/on/demandware.static/-/Sites-fpa-master-catalog/default/dwcc1e96e3/product-mugs/washing-machines/front-loaders/mug/listing/WH2424P1-washsmart-mug-1600-lp.jpg
WH2424P1,https://www.fisherpaykel.com/on/demandware.static/-/Sites-fpa-master-catalog/default/dwcc1e96e3/product-mugs/washing-machines/front-loaders/mug/listing/WH2424P1-washsmart-mug-1600-lp.jpg
WH2424P1,https://www.fisherpaykel.com/on/demandware.static/-/Sites-fpa-master-catalog/default/dwcc1e96e3/product-mugs/washing-machines/front-loaders/mug/listing/WH2424P1-washsmart-mug-1600-lp.jpg
WH2424P1,https://www.fisherpaykel.com/on/demandware.static/-/Sites-fpa-master-catalog/default/dwcc1e96e3/product-mugs/washing-machines/front-loaders/mug/listing/WH2424P1-washsmart-mug-1600-lp.jpg
